{
  "train_loss": [
    1.2438927106235338,
    1.0973802912062494,
    0.9193969159454539,
    0.8241923526577327,
    0.7600819478864255,
    0.7067121212897094,
    0.6542313069537066,
    0.5960963414199111,
    0.5234635845042657,
    0.4736078222592672,
    0.4378760828488115,
    0.40329069305157317,
    0.3787526940090069,
    0.3559093877025273,
    0.32815650990907697,
    0.3071835186602413,
    0.2946530969030615,
    0.2775476705120957,
    0.26139948491169057,
    0.2500934556774471,
    0.2379001361520394,
    0.22792518264141637,
    0.21896831907223965,
    0.21460303208534268,
    0.20528349057919737,
    0.1993939981944319,
    0.19093911675871283,
    0.18332304025905719,
    0.1806841544483019,
    0.17652707400097364,
    0.16706641199796096,
    0.1631783262974974,
    0.16003576372412667,
    0.15528446844090585,
    0.15043410959019177,
    0.1455856135789899,
    0.14479783475399016,
    0.1394736893043138,
    0.12987871083660402,
    0.130207150850607,
    0.1184531872579153,
    0.11136903544698937,
    0.10482695963287698,
    0.07986915060791416,
    0.0685997711683529,
    0.059271405124361964,
    0.05329938886714154,
    0.04551308811034845,
    0.04359533382930617,
    0.04160604050409967
  ],
  "val_loss": [
    1.2840715379287035,
    1.0421103567649157,
    0.9105094189827259,
    0.8287300154184684,
    0.7646114933185089,
    0.7078115198856745,
    0.6523959598480127,
    0.5616155289686643,
    0.4918002337217331,
    0.43878034483163786,
    0.4160808408871675,
    0.38557725074963695,
    0.3584942664855566,
    0.3376678568430436,
    0.31828526082711345,
    0.29030751436948776,
    0.28405210012808824,
    0.2676284284545825,
    0.24915893299457353,
    0.2376137253565666,
    0.21695584173385912,
    0.21059127553151205,
    0.21056132534375557,
    0.20349366256059745,
    0.20542093901297984,
    0.1923038927026284,
    0.17941557969420385,
    0.18296284858997053,
    0.18254684819242892,
    0.18920112000061914,
    0.16212934561264822,
    0.15469061067471138,
    0.1542309514987163,
    0.14690362891325584,
    0.1441679182342994,
    0.15057119440573913,
    0.12923934587683433,
    0.1386715135513208,
    0.15239424105638114,
    0.11967615916942939,
    0.10814433105480976,
    0.0998082442734486,
    0.08186677747812027,
    0.0694794181543283,
    0.05849869821507197,
    0.04743735649837898,
    0.03701029414645372,
    0.03391674543038393,
    0.03424191267157976,
    0.031374796030995175
  ],
  "best_metric": 0.031374796030995175,
  "best_epoch": 50
}