{
  "train_loss": [
    0.730809163701707,
    0.5889750465534735,
    0.516275060608767,
    0.48449234236841615,
    0.46387116839920267,
    0.446460867791936,
    0.43116984151411747,
    0.4188835906377737,
    0.409738577535187,
    0.3980599918659183,
    0.37713936385901076,
    0.34895678352618564,
    0.3282277744749318,
    0.3116406192382177,
    0.2962787138811056,
    0.289097407589788,
    0.269297973142154,
    0.26659915481788526,
    0.2587104185335878,
    0.24736284924590068,
    0.2419974379133487,
    0.23625626056522564,
    0.23131572917319726,
    0.21892230776341065,
    0.21247894010250118,
    0.20707161586353745,
    0.20639877535294796,
    0.19366990995147954,
    0.19859079604131588,
    0.19467288357192192,
    0.18447390440581501,
    0.17746068621459216,
    0.17346533841413,
    0.17186204477928688,
    0.16734566448823265,
    0.15819315139366233,
    0.15983264811229014,
    0.15602288913467657,
    0.14466900073963662,
    0.14417274911766467,
    0.13057629084889438,
    0.1219471771216047,
    0.10925165928792263,
    0.11542278341409089,
    0.10513138087547344,
    0.10907275877569032,
    0.10290314494699672,
    0.09105414942554806,
    0.08407866892175397,
    0.08731837217034637
  ],
  "val_loss": [
    0.6877848949187841,
    0.550547114549539,
    0.5072116500292069,
    0.47621601208662373,
    0.44093175117786115,
    0.43805669974058103,
    0.4171117895688766,
    0.40709893596478,
    0.402182929790937,
    0.3809534872953708,
    0.3666784793902666,
    0.3377858090859193,
    0.3096332397216406,
    0.3112082248314833,
    0.28556864804182297,
    0.2897279904438899,
    0.26934349766144383,
    0.2644526450297771,
    0.24412934291057098,
    0.25166684503738695,
    0.2505882332722346,
    0.23615627602124825,
    0.23780524616058057,
    0.21853481156703752,
    0.2607285949664238,
    0.24146070980872864,
    0.22115638718391076,
    0.20130537431209516,
    0.23067655357030722,
    0.2108473057548205,
    0.18035785223429018,
    0.1776903090186608,
    0.20633273151440498,
    0.1655273099358265,
    0.16250405002098817,
    0.16084837760680762,
    0.17383540650972953,
    0.15243715047836304,
    0.13851910600295433,
    0.13019834898221186,
    0.1669267822916691,
    0.13956611106793085,
    0.1219177137200649,
    0.138521818873974,
    0.14402692277844137,
    0.132884988704553,
    0.10297839467724164,
    0.10486186372163968,
    0.11723857439863376,
    0.09838327220999278
  ],
  "best_metric": 0.09838327220999278,
  "best_epoch": 50
}