{
  "train_loss": [
    0.3455604903939841,
    0.2768641398868699,
    0.2539101130720498,
    0.23968864124322284,
    0.2268597439363383,
    0.2162896679363389,
    0.20683242460523826,
    0.19824257259783537,
    0.1917081026063449,
    0.1851823357352312,
    0.17825685670410377,
    0.17030516871507617,
    0.16437506740507873,
    0.1587909057736397,
    0.15395915249119635,
    0.15115669926871425,
    0.1459068498533705,
    0.14227532962526102,
    0.13974629171948502,
    0.1359420779822529,
    0.13219332605384398,
    0.12772616249495658,
    0.12546108995658764,
    0.1216014893806499,
    0.1180370796525824,
    0.11640653666378795,
    0.11288755330918492,
    0.10897980537535487,
    0.10666951624595601,
    0.10338552854415299,
    0.10142767341888469,
    0.09638984770230626,
    0.09348809576552847,
    0.0918511049794978,
    0.08795469870817835,
    0.08499107618910678,
    0.08234862598820009,
    0.08133586908596149,
    0.0799385429184506,
    0.07665635939093604,
    0.07771213791076688,
    0.07306712829116462,
    0.07125206726832667,
    0.07007512911290362,
    0.07044951054065124,
    0.06959822775013205,
    0.06771473751767822,
    0.06449922819932302,
    0.06370630749109862,
    0.06230887777671434
  ],
  "val_loss": [
    0.29639323476033336,
    0.2630822200041551,
    0.24244776998574918,
    0.23103262808842537,
    0.2128001671188917,
    0.20414476688855734,
    0.19484499192390686,
    0.19038454233071742,
    0.18369569170933503,
    0.18029316801291245,
    0.17068166304857302,
    0.1606748226361397,
    0.15670003436314753,
    0.15274640898673963,
    0.14807226680792296,
    0.14594167585556322,
    0.1375025919614694,
    0.1385215482650659,
    0.13304149760649756,
    0.12948261640774897,
    0.12855222114385703,
    0.12607371768890283,
    0.11826287018947113,
    0.12090623407409741,
    0.11466874315952644,
    0.11216084850140107,
    0.11439283373646247,
    0.10128080969055493,
    0.09918784225980441,
    0.10317151382183418,
    0.09997200516936107,
    0.09153698556698285,
    0.09286864589040096,
    0.08650837351496403,
    0.08235164368763948,
    0.08871476208934417,
    0.0754697801401982,
    0.07225419963017488,
    0.07221865673095752,
    0.0718694323530564,
    0.07010733489042674,
    0.06733765902045445,
    0.06610019562336114,
    0.07268220491898365,
    0.06516753662473117,
    0.06131146332392326,
    0.07377698702307847,
    0.06213265103407395,
    0.061694410462410025,
    0.05705121283729871
  ],
  "best_metric": 0.05705121283729871,
  "best_epoch": 50
}