{
  "train_loss": [
    0.6083963578161986,
    0.4608636583539023,
    0.41275633081145907,
    0.3879515583100526,
    0.36944768208524453,
    0.354674864506376,
    0.34163446979246276,
    0.329294036436772,
    0.3199174002892729,
    0.3087089314840842,
    0.3023081927627757,
    0.2907679314198701,
    0.2826141217048617,
    0.2760811418294907,
    0.2660139246263366,
    0.25732494605624157,
    0.24858059917671094,
    0.23974174783713575,
    0.23388082134550897,
    0.22263792923827103,
    0.2154273996318596,
    0.20705808198106462,
    0.20270518338766652,
    0.19229579641335254,
    0.18847661627375561,
    0.17698240308226018,
    0.16889067955207135,
    0.1592180291811625,
    0.15227876789327982,
    0.14601587780575823,
    0.1393746137511039,
    0.13483903364858765,
    0.1283877496054207,
    0.1329450805981954,
    0.12411121875047684,
    0.1224884891855544,
    0.1191876055429811,
    0.1197438420160957,
    0.11697268570246903,
    0.11279480957250664,
    0.1104846228292023,
    0.112334302758825,
    0.10906263661125432,
    0.1095369015806827,
    0.10884294066092243,
    0.10766377824804058,
    0.10535537852109342,
    0.10517682074636653,
    0.10034479341213254,
    0.10088783277981524
  ],
  "val_loss": [
    0.5138424459176186,
    0.4324298359644719,
    0.40379611345437855,
    0.3872069536875456,
    0.36570441990326613,
    0.34794726165441364,
    0.3391287991633782,
    0.3280084545795734,
    0.32096020724528873,
    0.30579003042135483,
    0.29681526315517914,
    0.2872017755722388,
    0.2912502965101829,
    0.2683227532185041,
    0.2637401635830219,
    0.25824747100854534,
    0.24549240752672538,
    0.2328930804744745,
    0.22389392382823503,
    0.21228626886239418,
    0.21786764970956704,
    0.20324376072639075,
    0.19398052570147392,
    0.184838039179643,
    0.17273776959150267,
    0.17550140332717162,
    0.15796942989795637,
    0.14237136049912527,
    0.13903462008023873,
    0.1509893007385425,
    0.12846438548503777,
    0.12709689216736036,
    0.13655906132398507,
    0.11904564251502354,
    0.13241778829923043,
    0.1243973399202029,
    0.12550316961147848,
    0.11039418822679764,
    0.12424492100492501,
    0.11356074534929715,
    0.11092894543439914,
    0.1099956513215334,
    0.10479915973085624,
    0.11089124626074082,
    0.10176389912764232,
    0.10813783835142086,
    0.10697740364151123,
    0.10216096435219814,
    0.1016402739362839,
    0.10115173487709118
  ],
  "best_metric": 0.10115173487709118,
  "best_epoch": 50
}