{
  "train_loss": [
    1.0601288250175076,
    0.8564197573972785,
    0.7583212209352549,
    0.7105454335178154,
    0.6600771618062171,
    0.6158454475195512,
    0.5789289223975029,
    0.546975830629252,
    0.5245333118715148,
    0.4987038110045419,
    0.48261590263117915,
    0.4617161908875341,
    0.44799227148726367,
    0.434735018749168,
    0.4201718971349191,
    0.4110078748153604,
    0.39881164435891137,
    0.388746419419413,
    0.3807488513165626,
    0.3730302306620971,
    0.3643503759218299,
    0.35731730690036995,
    0.34681748207928476,
    0.3432106691426125,
    0.33615908886211504,
    0.3281109295029571,
    0.32206380656663924,
    0.32007314670776976,
    0.3105017042678335,
    0.3020889236443285,
    0.293786635649377,
    0.29184036600416985,
    0.2853232816509578,
    0.2799070053126501,
    0.27082338706738707,
    0.2653468581429426,
    0.2629051256007042,
    0.25577963497759637,
    0.2514033360325772,
    0.24242051101249198,
    0.23695724416470182,
    0.23352861970231154,
    0.23159149982359098,
    0.2286747954029968,
    0.22240234693323357,
    0.22017586194518685,
    0.21432109215985173,
    0.21253870421129725,
    0.21324574802664742,
    0.20704976853685103
  ],
  "val_loss": [
    0.8687317776374328,
    0.7409541966059269,
    0.6851295179281479,
    0.6471692591141431,
    0.5927632963046049,
    0.5698982079823812,
    0.5261734066865383,
    0.5108706095279791,
    0.4889026288038645,
    0.4666497397881288,
    0.44546920099319554,
    0.4368335390702272,
    0.43580638903837937,
    0.4183865735928218,
    0.4014545251161624,
    0.3891813544890819,
    0.3791578946969448,
    0.36758337456446427,
    0.3764551457686302,
    0.34322057244105214,
    0.3411991523626523,
    0.3483335761687694,
    0.33355985352626216,
    0.33370956434653354,
    0.32283267569847596,
    0.3085785523439065,
    0.31085010942740315,
    0.3001885540210284,
    0.2918976835715465,
    0.2846858180486239,
    0.30636769380324924,
    0.28359087995993787,
    0.2666290788314281,
    0.282890973564906,
    0.2635903022228143,
    0.2519487161666919,
    0.245605305601389,
    0.24370023149710435,
    0.24318795173596114,
    0.22832930928621537,
    0.2390040892821092,
    0.21882737752718803,
    0.22037281630895075,
    0.21749206135670343,
    0.21068483896744558,
    0.21168655596482447,
    0.2133130736840077,
    0.1927312618264785,
    0.21130514947267678,
    0.18050039158417627
  ],
  "best_metric": 0.18050039158417627,
  "best_epoch": 50
}